--Populate pessoa
--Gerentes
INSERT INTO PESSOA VALUES ('1', 'Operesen Nolate');
INSERT INTO PESSOA VALUES ('2', 'Operesen Nolate');
INSERT INTO PESSOA VALUES ('3', 'Operesen Nolate');
INSERT INTO PESSOA VALUES ('4', 'Operesen Nolate');
INSERT INTO PESSOA VALUES ('5', 'Operesen Nolate');
INSERT INTO PESSOA VALUES ('6', 'Operesen Nolate');
INSERT INTO PESSOA VALUES ('7', 'Operesen Nolate');
INSERT INTO PESSOA VALUES ('8', 'Operesen Nolate');
INSERT INTO PESSOA VALUES ('9', 'Operesen Nolate');
INSERT INTO PESSOA VALUES ('10', 'Operesen Nolate');
INSERT INTO PESSOA VALUES ('11', 'Operesen Nolate');
INSERT INTO PESSOA VALUES ('12', 'Operesen Nolate');
INSERT INTO PESSOA VALUES ('13', 'Operesen Nolate');
INSERT INTO PESSOA VALUES ('14', 'Operesen Nolate');
INSERT INTO PESSOA VALUES ('15', 'Operesen Nolate');
INSERT INTO PESSOA VALUES ('16', 'Operesen Nolate');
INSERT INTO PESSOA VALUES ('17', 'Operesen Nolate');
INSERT INTO PESSOA VALUES ('18', 'Operesen Nolate');
INSERT INTO PESSOA VALUES ('19', 'Operesen Nolate');
INSERT INTO PESSOA VALUES ('20', 'Operesen Nolate');

--Clientes

INSERT INTO PESSOA VALUES ('21', 'Operesen Nolate');
INSERT INTO PESSOA VALUES ('22', 'Operesen Nolate');
INSERT INTO PESSOA VALUES ('23', 'Operesen Nolate');
INSERT INTO PESSOA VALUES ('24', 'Operesen Nolate');
INSERT INTO PESSOA VALUES ('25', 'Operesen Nolate');
INSERT INTO PESSOA VALUES ('26', 'Operesen Nolate');
INSERT INTO PESSOA VALUES ('27', 'Operesen Nolate');
INSERT INTO PESSOA VALUES ('28', 'Operesen Nolate');
INSERT INTO PESSOA VALUES ('29', 'Operesen Nolate');
INSERT INTO PESSOA VALUES ('30', 'Operesen Nolate');
INSERT INTO PESSOA VALUES ('31', 'Operesen Nolate');
INSERT INTO PESSOA VALUES ('32', 'Operesen Nolate');
INSERT INTO PESSOA VALUES ('33', 'Operesen Nolate');
INSERT INTO PESSOA VALUES ('34', 'Operesen Nolate');
INSERT INTO PESSOA VALUES ('35', 'Operesen Nolate');
INSERT INTO PESSOA VALUES ('36', 'Operesen Nolate');
INSERT INTO PESSOA VALUES ('37', 'Operesen Nolate');
INSERT INTO PESSOA VALUES ('38', 'Operesen Nolate');
INSERT INTO PESSOA VALUES ('39', 'Operesen Nolate');
INSERT INTO PESSOA VALUES ('40', 'Operesen Nolate');

--Atendentes

INSERT INTO PESSOA VALUES ('41', 'Operesen Nolate');
INSERT INTO PESSOA VALUES ('42', 'Operesen Nolate');
INSERT INTO PESSOA VALUES ('43', 'Operesen Nolate');
INSERT INTO PESSOA VALUES ('44', 'Operesen Nolate');
INSERT INTO PESSOA VALUES ('45', 'Operesen Nolate');
INSERT INTO PESSOA VALUES ('46', 'Operesen Nolate');
INSERT INTO PESSOA VALUES ('47', 'Operesen Nolate');
INSERT INTO PESSOA VALUES ('48', 'Operesen Nolate');
INSERT INTO PESSOA VALUES ('49', 'Operesen Nolate');
INSERT INTO PESSOA VALUES ('50', 'Operesen Nolate');
INSERT INTO PESSOA VALUES ('51', 'Operesen Nolate');
INSERT INTO PESSOA VALUES ('52', 'Operesen Nolate');
INSERT INTO PESSOA VALUES ('53', 'Operesen Nolate');
INSERT INTO PESSOA VALUES ('54', 'Operesen Nolate');
INSERT INTO PESSOA VALUES ('55', 'Operesen Nolate');
INSERT INTO PESSOA VALUES ('56', 'Operesen Nolate');
INSERT INTO PESSOA VALUES ('57', 'Operesen Nolate');
INSERT INTO PESSOA VALUES ('58', 'Operesen Nolate');
INSERT INTO PESSOA VALUES ('59', 'Operesen Nolate');
INSERT INTO PESSOA VALUES ('60', 'Operesen Nolate');

--Caixas

INSERT INTO PESSOA VALUES ('61', 'Operesen Nolate');
INSERT INTO PESSOA VALUES ('62', 'Operesen Nolate');
INSERT INTO PESSOA VALUES ('63', 'Operesen Nolate');
INSERT INTO PESSOA VALUES ('64', 'Operesen Nolate');
INSERT INTO PESSOA VALUES ('65', 'Operesen Nolate');
INSERT INTO PESSOA VALUES ('66', 'Operesen Nolate');
INSERT INTO PESSOA VALUES ('67', 'Operesen Nolate');
INSERT INTO PESSOA VALUES ('68', 'Operesen Nolate');
INSERT INTO PESSOA VALUES ('69', 'Operesen Nolate');
INSERT INTO PESSOA VALUES ('70', 'Operesen Nolate');
INSERT INTO PESSOA VALUES ('71', 'Operesen Nolate');
INSERT INTO PESSOA VALUES ('72', 'Operesen Nolate');
INSERT INTO PESSOA VALUES ('73', 'Operesen Nolate');
INSERT INTO PESSOA VALUES ('74', 'Operesen Nolate');
INSERT INTO PESSOA VALUES ('75', 'Operesen Nolate');
INSERT INTO PESSOA VALUES ('76', 'Operesen Nolate');
INSERT INTO PESSOA VALUES ('77', 'Operesen Nolate');
INSERT INTO PESSOA VALUES ('78', 'Operesen Nolate');
INSERT INTO PESSOA VALUES ('79', 'Operesen Nolate');
INSERT INTO PESSOA VALUES ('80', 'Operesen Nolate');

--Tecnicos

INSERT INTO PESSOA VALUES ('81', 'Operesen Nolate');
INSERT INTO PESSOA VALUES ('82', 'Operesen Nolate');
INSERT INTO PESSOA VALUES ('83', 'Operesen Nolate');
INSERT INTO PESSOA VALUES ('84', 'Operesen Nolate');
INSERT INTO PESSOA VALUES ('85', 'Operesen Nolate');
INSERT INTO PESSOA VALUES ('86', 'Operesen Nolate');
INSERT INTO PESSOA VALUES ('87', 'Operesen Nolate');
INSERT INTO PESSOA VALUES ('88', 'Operesen Nolate');
INSERT INTO PESSOA VALUES ('89', 'Operesen Nolate');
INSERT INTO PESSOA VALUES ('90', 'Operesen Nolate');
INSERT INTO PESSOA VALUES ('91', 'Operesen Nolate');
INSERT INTO PESSOA VALUES ('92', 'Operesen Nolate');
INSERT INTO PESSOA VALUES ('93', 'Operesen Nolate');
INSERT INTO PESSOA VALUES ('94', 'Operesen Nolate');
INSERT INTO PESSOA VALUES ('95', 'Operesen Nolate');
INSERT INTO PESSOA VALUES ('96', 'Operesen Nolate');
INSERT INTO PESSOA VALUES ('97', 'Operesen Nolate');
INSERT INTO PESSOA VALUES ('98', 'Operesen Nolate');
INSERT INTO PESSOA VALUES ('99', 'Operesen Nolate');
INSERT INTO PESSOA VALUES ('100', 'Operesen Nolate');

--Populate telefone

INSERT INTO TELEFONE_PESSOA(TELEFONE, CPF) VALUES ('11918273645',  '1');
INSERT INTO TELEFONE_PESSOA(TELEFONE, CPF) VALUES ('11928371827',  '2');
INSERT INTO TELEFONE_PESSOA(TELEFONE, CPF) VALUES ('11928171282',  '3');
INSERT INTO TELEFONE_PESSOA(TELEFONE, CPF) VALUES ('11938287521',  '4');
INSERT INTO TELEFONE_PESSOA(TELEFONE, CPF) VALUES ('11900291211',  '5');
INSERT INTO TELEFONE_PESSOA(TELEFONE, CPF) VALUES ('11932124821',  '6');
INSERT INTO TELEFONE_PESSOA(TELEFONE, CPF) VALUES ('11909283723',  '7');
INSERT INTO TELEFONE_PESSOA(TELEFONE, CPF) VALUES ('11932321211',  '8');
INSERT INTO TELEFONE_PESSOA(TELEFONE, CPF) VALUES ('11983287123',  '9');
INSERT INTO TELEFONE_PESSOA(TELEFONE, CPF) VALUES ('11954874321', '10');
INSERT INTO TELEFONE_PESSOA(TELEFONE, CPF) VALUES ('11958748211', '11');
INSERT INTO TELEFONE_PESSOA(TELEFONE, CPF) VALUES ('11948328712', '12');
INSERT INTO TELEFONE_PESSOA(TELEFONE, CPF) VALUES ('11918273654',  '1');
INSERT INTO TELEFONE_PESSOA(TELEFONE, CPF) VALUES ('11928371872',  '2');
INSERT INTO TELEFONE_PESSOA(TELEFONE, CPF) VALUES ('11928171228',  '3');
INSERT INTO TELEFONE_PESSOA(TELEFONE, CPF) VALUES ('11938287512',  '4');
INSERT INTO TELEFONE_PESSOA(TELEFONE, CPF) VALUES ('11900291112',  '5');
INSERT INTO TELEFONE_PESSOA(TELEFONE, CPF) VALUES ('11932124812',  '6');
INSERT INTO TELEFONE_PESSOA(TELEFONE, CPF) VALUES ('11909283732',  '7');
INSERT INTO TELEFONE_PESSOA(TELEFONE, CPF) VALUES ('11932324561',  '8');


--Populate funcionario

INSERT INTO FUNCIONARIO VALUES (null, '1', 5000, '1');
INSERT INTO FUNCIONARIO VALUES (null, '2', 5000, '2');
INSERT INTO FUNCIONARIO VALUES (null, '3', 5000, '3');
INSERT INTO FUNCIONARIO VALUES (null, '4', 5000, '4');
INSERT INTO FUNCIONARIO VALUES (null, '5', 5000, '5');
INSERT INTO FUNCIONARIO VALUES (null, '6', 5000, '6');
INSERT INTO FUNCIONARIO VALUES (null, '7', 5000, '7');
INSERT INTO FUNCIONARIO VALUES (null, '8', 5000, '8');
INSERT INTO FUNCIONARIO VALUES (null, '9', 5000, '9');
INSERT INTO FUNCIONARIO VALUES (null, '10', 5000, '10');
INSERT INTO FUNCIONARIO VALUES (null, '11', 5000, '11');
INSERT INTO FUNCIONARIO VALUES (null, '12', 5000, '12');
INSERT INTO FUNCIONARIO VALUES (null, '13', 5000, '13');
INSERT INTO FUNCIONARIO VALUES (null, '14', 5000, '14');
INSERT INTO FUNCIONARIO VALUES (null, '15', 5000, '15');
INSERT INTO FUNCIONARIO VALUES (null, '16', 5000, '16');
INSERT INTO FUNCIONARIO VALUES (null, '17', 5000, '17');
INSERT INTO FUNCIONARIO VALUES (null, '18', 5000, '18');
INSERT INTO FUNCIONARIO VALUES (null, '19', 5000, '19');
INSERT INTO FUNCIONARIO VALUES (null, '20', 5000, '20');

--Populate gerente

INSERT INTO GERENTE VALUES ('1');
INSERT INTO GERENTE VALUES ('2');
INSERT INTO GERENTE VALUES ('3');
INSERT INTO GERENTE VALUES ('4');
INSERT INTO GERENTE VALUES ('5');
INSERT INTO GERENTE VALUES ('6');
INSERT INTO GERENTE VALUES ('7');
INSERT INTO GERENTE VALUES ('8');
INSERT INTO GERENTE VALUES ('9');
INSERT INTO GERENTE VALUES ('10');
INSERT INTO GERENTE VALUES ('11');
INSERT INTO GERENTE VALUES ('12');
INSERT INTO GERENTE VALUES ('13');
INSERT INTO GERENTE VALUES ('14');
INSERT INTO GERENTE VALUES ('15');
INSERT INTO GERENTE VALUES ('16');
INSERT INTO GERENTE VALUES ('17');
INSERT INTO GERENTE VALUES ('18');
INSERT INTO GERENTE VALUES ('19');
INSERT INTO GERENTE VALUES ('20');

--Populate cliente

INSERT INTO CLIENTE VALUES ('21', 79);
INSERT INTO CLIENTE VALUES ('22', 78);
INSERT INTO CLIENTE VALUES ('23', 77);
INSERT INTO CLIENTE VALUES ('24', 76);
INSERT INTO CLIENTE VALUES ('25', 75);
INSERT INTO CLIENTE VALUES ('26', 74);
INSERT INTO CLIENTE VALUES ('27', 73);
INSERT INTO CLIENTE VALUES ('28', 72);
INSERT INTO CLIENTE VALUES ('29', 71);
INSERT INTO CLIENTE VALUES ('30', 70);
INSERT INTO CLIENTE VALUES ('31', 69);
INSERT INTO CLIENTE VALUES ('32', 68);
INSERT INTO CLIENTE VALUES ('33', 67);
INSERT INTO CLIENTE VALUES ('34', 66);
INSERT INTO CLIENTE VALUES ('35', 65);
INSERT INTO CLIENTE VALUES ('36', 64);
INSERT INTO CLIENTE VALUES ('37', 63);
INSERT INTO CLIENTE VALUES ('38', 62);
INSERT INTO CLIENTE VALUES ('39', 61);
INSERT INTO CLIENTE VALUES ('40', 60);
INSERT INTO CLIENTE VALUES ('41', 59);

-- Populate Funcionario again
INSERT INTO FUNCIONARIO VALUES ('1', '41', 5000, '41');
INSERT INTO FUNCIONARIO VALUES ('1', '42', 5000, '42');
INSERT INTO FUNCIONARIO VALUES ('1', '43', 5000, '43');
INSERT INTO FUNCIONARIO VALUES ('1', '44', 5000, '44');
INSERT INTO FUNCIONARIO VALUES ('1', '45', 5000, '45');
INSERT INTO FUNCIONARIO VALUES ('1', '46', 5000, '46');
INSERT INTO FUNCIONARIO VALUES ('1', '47', 5000, '47');
INSERT INTO FUNCIONARIO VALUES ('1', '48', 5000, '48');
INSERT INTO FUNCIONARIO VALUES ('1', '49', 5000, '49');
INSERT INTO FUNCIONARIO VALUES ('1', '50', 5000, '50');
INSERT INTO FUNCIONARIO VALUES ('1', '51', 5000, '51');
INSERT INTO FUNCIONARIO VALUES ('1', '52', 5000, '52');
INSERT INTO FUNCIONARIO VALUES ('1', '53', 5000, '53');
INSERT INTO FUNCIONARIO VALUES ('1', '54', 5000, '54');
INSERT INTO FUNCIONARIO VALUES ('1', '55', 5000, '55');
INSERT INTO FUNCIONARIO VALUES ('1', '56', 5000, '56');
INSERT INTO FUNCIONARIO VALUES ('1', '57', 5000, '57');
INSERT INTO FUNCIONARIO VALUES ('1', '58', 5000, '58');
INSERT INTO FUNCIONARIO VALUES ('1', '59', 5000, '59');
INSERT INTO FUNCIONARIO VALUES ('1', '60', 5000, '60');
INSERT INTO FUNCIONARIO VALUES ('1', '61', 5000, '61');
INSERT INTO FUNCIONARIO VALUES ('1', '62', 5000, '62');
INSERT INTO FUNCIONARIO VALUES ('1', '63', 5000, '63');
INSERT INTO FUNCIONARIO VALUES ('1', '64', 5000, '64');
INSERT INTO FUNCIONARIO VALUES ('1', '65', 5000, '65');
INSERT INTO FUNCIONARIO VALUES ('1', '66', 5000, '66');
INSERT INTO FUNCIONARIO VALUES ('1', '67', 5000, '67');
INSERT INTO FUNCIONARIO VALUES ('1', '68', 5000, '68');
INSERT INTO FUNCIONARIO VALUES ('1', '69', 5000, '69');
INSERT INTO FUNCIONARIO VALUES ('1', '70', 5000, '70');
INSERT INTO FUNCIONARIO VALUES ('1', '71', 5000, '71');
INSERT INTO FUNCIONARIO VALUES ('1', '72', 5000, '72');
INSERT INTO FUNCIONARIO VALUES ('1', '73', 5000, '73');
INSERT INTO FUNCIONARIO VALUES ('1', '74', 5000, '74');
INSERT INTO FUNCIONARIO VALUES ('1', '75', 5000, '75');
INSERT INTO FUNCIONARIO VALUES ('1', '76', 5000, '76');
INSERT INTO FUNCIONARIO VALUES ('1', '77', 5000, '77');
INSERT INTO FUNCIONARIO VALUES ('1', '78', 5000, '78');
INSERT INTO FUNCIONARIO VALUES ('1', '79', 5000, '79');
INSERT INTO FUNCIONARIO VALUES ('1', '80', 5000, '80');
INSERT INTO FUNCIONARIO VALUES ('1', '81', 5000, '81');
INSERT INTO FUNCIONARIO VALUES ('1', '82', 5000, '82');
INSERT INTO FUNCIONARIO VALUES ('1', '83', 5000, '83');
INSERT INTO FUNCIONARIO VALUES ('1', '84', 5000, '84');
INSERT INTO FUNCIONARIO VALUES ('1', '85', 5000, '85');
INSERT INTO FUNCIONARIO VALUES ('1', '86', 5000, '86');
INSERT INTO FUNCIONARIO VALUES ('1', '87', 5000, '87');
INSERT INTO FUNCIONARIO VALUES ('1', '88', 5000, '88');
INSERT INTO FUNCIONARIO VALUES ('1', '89', 5000, '89');
INSERT INTO FUNCIONARIO VALUES ('1', '90', 5000, '90');
INSERT INTO FUNCIONARIO VALUES ('1', '91', 5000, '91');
INSERT INTO FUNCIONARIO VALUES ('1', '92', 5000, '92');
INSERT INTO FUNCIONARIO VALUES ('1', '93', 5000, '93');
INSERT INTO FUNCIONARIO VALUES ('1', '94', 5000, '94');
INSERT INTO FUNCIONARIO VALUES ('1', '95', 5000, '95');
INSERT INTO FUNCIONARIO VALUES ('1', '96', 5000, '96');
INSERT INTO FUNCIONARIO VALUES ('1', '97', 5000, '97');
INSERT INTO FUNCIONARIO VALUES ('1', '98', 5000, '98');
INSERT INTO FUNCIONARIO VALUES ('1', '99', 5000, '99');
INSERT INTO FUNCIONARIO VALUES ('1', '100', 5000, '100');

--Populate atendente

INSERT INTO ATENDENTE VALUES ('41');
INSERT INTO ATENDENTE VALUES ('42');
INSERT INTO ATENDENTE VALUES ('43');
INSERT INTO ATENDENTE VALUES ('44');
INSERT INTO ATENDENTE VALUES ('45');
INSERT INTO ATENDENTE VALUES ('46');
INSERT INTO ATENDENTE VALUES ('47');
INSERT INTO ATENDENTE VALUES ('48');
INSERT INTO ATENDENTE VALUES ('49');
INSERT INTO ATENDENTE VALUES ('50');
INSERT INTO ATENDENTE VALUES ('51');
INSERT INTO ATENDENTE VALUES ('52');
INSERT INTO ATENDENTE VALUES ('53');
INSERT INTO ATENDENTE VALUES ('54');
INSERT INTO ATENDENTE VALUES ('55');
INSERT INTO ATENDENTE VALUES ('56');
INSERT INTO ATENDENTE VALUES ('57');
INSERT INTO ATENDENTE VALUES ('58');
INSERT INTO ATENDENTE VALUES ('59');
INSERT INTO ATENDENTE VALUES ('60');

--Populate caixa

INSERT INTO CAIXA VALUES ('61');
INSERT INTO CAIXA VALUES ('62');
INSERT INTO CAIXA VALUES ('63');
INSERT INTO CAIXA VALUES ('64');
INSERT INTO CAIXA VALUES ('65');
INSERT INTO CAIXA VALUES ('66');
INSERT INTO CAIXA VALUES ('67');
INSERT INTO CAIXA VALUES ('68');
INSERT INTO CAIXA VALUES ('69');
INSERT INTO CAIXA VALUES ('70');
INSERT INTO CAIXA VALUES ('71');
INSERT INTO CAIXA VALUES ('72');
INSERT INTO CAIXA VALUES ('73');
INSERT INTO CAIXA VALUES ('74');
INSERT INTO CAIXA VALUES ('75');
INSERT INTO CAIXA VALUES ('76');
INSERT INTO CAIXA VALUES ('77');
INSERT INTO CAIXA VALUES ('78');
INSERT INTO CAIXA VALUES ('79');
INSERT INTO CAIXA VALUES ('80');

--Populate tecnico

INSERT INTO TECNICO_DE_MANUTENCAO VALUES ('81');
INSERT INTO TECNICO_DE_MANUTENCAO VALUES ('82');
INSERT INTO TECNICO_DE_MANUTENCAO VALUES ('83');
INSERT INTO TECNICO_DE_MANUTENCAO VALUES ('84');
INSERT INTO TECNICO_DE_MANUTENCAO VALUES ('85');
INSERT INTO TECNICO_DE_MANUTENCAO VALUES ('86');
INSERT INTO TECNICO_DE_MANUTENCAO VALUES ('87');
INSERT INTO TECNICO_DE_MANUTENCAO VALUES ('88');
INSERT INTO TECNICO_DE_MANUTENCAO VALUES ('89');
INSERT INTO TECNICO_DE_MANUTENCAO VALUES ('90');
INSERT INTO TECNICO_DE_MANUTENCAO VALUES ('91');
INSERT INTO TECNICO_DE_MANUTENCAO VALUES ('92');
INSERT INTO TECNICO_DE_MANUTENCAO VALUES ('93');
INSERT INTO TECNICO_DE_MANUTENCAO VALUES ('94');
INSERT INTO TECNICO_DE_MANUTENCAO VALUES ('95');
INSERT INTO TECNICO_DE_MANUTENCAO VALUES ('96');
INSERT INTO TECNICO_DE_MANUTENCAO VALUES ('97');
INSERT INTO TECNICO_DE_MANUTENCAO VALUES ('98');
INSERT INTO TECNICO_DE_MANUTENCAO VALUES ('99');
INSERT INTO TECNICO_DE_MANUTENCAO VALUES ('100');

--Populate compra

INSERT INTO COMPRA VALUES ('21', '61', DEFAULT,'6666-06-06 03:03:03','CREDITO', 287, 2, 20);
INSERT INTO COMPRA VALUES ('22', '61', DEFAULT,'6666-06-06 03:03:04','DEBITO', 483, 4, 63);
INSERT INTO COMPRA VALUES ('23', '61', DEFAULT,'6666-06-06 03:03:05','CREDITO', 300, 2, 38);
INSERT INTO COMPRA VALUES ('24', '61', DEFAULT,'6666-06-06 03:03:06','DEBITO', 680, 4, 79);
INSERT INTO COMPRA VALUES ('25', '61', DEFAULT,'6666-06-06 03:03:07','DEBITO', 290, 3, 63);
INSERT INTO COMPRA VALUES ('26', '61', DEFAULT,'6666-06-06 03:03:08','DEBITO', 120, 1, 12);
INSERT INTO COMPRA VALUES ('27', '61', DEFAULT,'6666-06-06 03:03:09','CREDITO', 840, 5, 96);
INSERT INTO COMPRA VALUES ('28', '61', DEFAULT,'6666-06-06 03:03:10','CREDITO', 840, 5, 96);
INSERT INTO COMPRA VALUES ('29', '61', DEFAULT,'6666-06-06 03:03:11','CREDITO', 840, 5, 96);
INSERT INTO COMPRA VALUES ('30', '61', DEFAULT,'6666-06-06 03:03:12','CREDITO', 840, 5, 96);
INSERT INTO COMPRA VALUES ('31', '61', DEFAULT,'6666-06-06 03:03:13','CREDITO', 840, 5, 96);
INSERT INTO COMPRA VALUES ('32', '61', DEFAULT,'6666-06-06 03:03:14','CREDITO', 840, 5, 96);
INSERT INTO COMPRA VALUES ('33', '61', DEFAULT,'6666-06-06 03:03:15','CREDITO', 840, 5, 96);
INSERT INTO COMPRA VALUES ('34', '61', DEFAULT,'6666-06-06 03:03:16','CREDITO', 840, 5, 96);
INSERT INTO COMPRA VALUES ('35', '61', DEFAULT,'6666-06-06 03:03:17','CREDITO', 840, 5, 96);
INSERT INTO COMPRA VALUES ('36', '61', DEFAULT,'6666-06-06 03:03:18','CREDITO', 840, 5, 96);
INSERT INTO COMPRA VALUES ('37', '61', DEFAULT,'6666-06-06 03:03:19','CREDITO', 840, 5, 96);
INSERT INTO COMPRA VALUES ('38', '61', DEFAULT,'6666-06-06 03:03:20','CREDITO', 840, 5, 96);
INSERT INTO COMPRA VALUES ('39', '61', DEFAULT,'6666-06-06 03:03:21','CREDITO', 840, 5, 96);
INSERT INTO COMPRA VALUES ('40', '61', DEFAULT,'6666-06-06 03:03:22','CREDITO', 840, 5, 96);

--Populate atende

INSERT INTO ATENDE VALUES ('21', '41', '6666-06-06 03:03:02');
INSERT INTO ATENDE VALUES ('22', '41', '6666-06-06 03:03:03');
INSERT INTO ATENDE VALUES ('23', '41', '6666-06-06 03:03:04');
INSERT INTO ATENDE VALUES ('24', '41', '6666-06-06 03:03:05');
INSERT INTO ATENDE VALUES ('25', '41', '6666-06-06 03:03:06');
INSERT INTO ATENDE VALUES ('26', '41', '6666-06-06 03:03:07');
INSERT INTO ATENDE VALUES ('27', '41', '6666-06-06 03:03:08');
INSERT INTO ATENDE VALUES ('28', '41', '6666-06-06 03:03:09');
INSERT INTO ATENDE VALUES ('29', '41', '6666-06-06 03:03:10');
INSERT INTO ATENDE VALUES ('30', '41', '6666-06-06 03:03:11');
INSERT INTO ATENDE VALUES ('31', '41', '6666-06-06 03:03:12');
INSERT INTO ATENDE VALUES ('32', '41', '6666-06-06 03:03:13');
INSERT INTO ATENDE VALUES ('33', '41', '6666-06-06 03:03:14');
INSERT INTO ATENDE VALUES ('34', '41', '6666-06-06 03:03:15');
INSERT INTO ATENDE VALUES ('35', '41', '6666-06-06 03:03:16');
INSERT INTO ATENDE VALUES ('36', '41', '6666-06-06 03:03:17');
INSERT INTO ATENDE VALUES ('37', '41', '6666-06-06 03:03:18');
INSERT INTO ATENDE VALUES ('38', '41', '6666-06-06 03:03:19');
INSERT INTO ATENDE VALUES ('39', '41', '6666-06-06 03:03:20');
INSERT INTO ATENDE VALUES ('40', '41', '6666-06-06 03:03:21');

--Populate item reparar
INSERT INTO ITEM_A_REPARAR VALUES ('21',  1, 'Placa mae xbox pifou');
INSERT INTO ITEM_A_REPARAR VALUES ('22',  2, 'PS5 super aquecendo');
INSERT INTO ITEM_A_REPARAR VALUES ('23',  3, 'PS5 super aquecendo');
INSERT INTO ITEM_A_REPARAR VALUES ('24',  4, 'PS5 super aquecendo');
INSERT INTO ITEM_A_REPARAR VALUES ('25',  5, 'PS5 super aquecendo');
INSERT INTO ITEM_A_REPARAR VALUES ('26',  6, 'PS5 super aquecendo');
INSERT INTO ITEM_A_REPARAR VALUES ('27',  7, 'PS5 super aquecendo');
INSERT INTO ITEM_A_REPARAR VALUES ('28',  8, 'PS5 super aquecendo');
INSERT INTO ITEM_A_REPARAR VALUES ('29',  9, 'PS5 super aquecendo');
INSERT INTO ITEM_A_REPARAR VALUES ('30', 10, 'PS5 super aquecendo');
INSERT INTO ITEM_A_REPARAR VALUES ('31', 11, 'PS5 super aquecendo');
INSERT INTO ITEM_A_REPARAR VALUES ('32', 12, 'PS5 super aquecendo');
INSERT INTO ITEM_A_REPARAR VALUES ('33', 13, 'PS5 super aquecendo');
INSERT INTO ITEM_A_REPARAR VALUES ('34', 14, 'PS5 super aquecendo');
INSERT INTO ITEM_A_REPARAR VALUES ('35', 15, 'PS5 super aquecendo');
INSERT INTO ITEM_A_REPARAR VALUES ('36', 16, 'PS5 super aquecendo');
INSERT INTO ITEM_A_REPARAR VALUES ('37', 17, 'PS5 super aquecendo');
INSERT INTO ITEM_A_REPARAR VALUES ('38', 18, 'PS5 super aquecendo');
INSERT INTO ITEM_A_REPARAR VALUES ('39', 19, 'PS5 super aquecendo');
INSERT INTO ITEM_A_REPARAR VALUES ('40', 20, 'PS5 super aquecendo');

--Populate conserta
INSERT INTO CONSERTA VALUES ('81',   1, 700, 120,  '6666-06-07 03:03:02');
INSERT INTO CONSERTA VALUES ('82',   2, 300, 50,   '6666-06-07 03:03:03');
INSERT INTO CONSERTA VALUES ('83',   3, 300, 50,   '6666-06-07 03:03:04');
INSERT INTO CONSERTA VALUES ('84',   4, 300, 50,   '6666-06-07 03:03:05');
INSERT INTO CONSERTA VALUES ('85',   5, 300, 50,   '6666-06-07 03:03:06');
INSERT INTO CONSERTA VALUES ('86',   6, 300, 50,   '6666-06-07 03:03:07');
INSERT INTO CONSERTA VALUES ('87',   7, 300, 50,   '6666-06-07 03:03:08');
INSERT INTO CONSERTA VALUES ('88',   8, 300, 50,   '6666-06-07 03:03:09');
INSERT INTO CONSERTA VALUES ('89',   9, 300, 50,   '6666-06-07 03:03:10');
INSERT INTO CONSERTA VALUES ('90',  10, 300, 50,   '6666-06-07 03:03:11');
INSERT INTO CONSERTA VALUES ('91',  11, 300, 50,   '6666-06-07 03:03:12');
INSERT INTO CONSERTA VALUES ('92',  12, 300, 50,   '6666-06-07 03:03:13');
INSERT INTO CONSERTA VALUES ('93',  13, 300, 50,   '6666-06-07 03:03:14');
INSERT INTO CONSERTA VALUES ('94',  14, 300, 50,   '6666-06-07 03:03:15');
INSERT INTO CONSERTA VALUES ('95',  15, 300, 50,   '6666-06-07 03:03:16');
INSERT INTO CONSERTA VALUES ('96',  16, 300, 50,   '6666-06-07 03:03:17');
INSERT INTO CONSERTA VALUES ('97',  17, 300, 50,   '6666-06-07 03:03:18');
INSERT INTO CONSERTA VALUES ('98',  18, 300, 50,   '6666-06-07 03:03:19');
INSERT INTO CONSERTA VALUES ('99',  19, 300, 50,  '6666-06-07 03:03:20');
INSERT INTO CONSERTA VALUES ('100', 20, 300, 50,  '6666-06-07 03:03:21');

--Populate estoque
INSERT INTO ESTOQUE (NOME) VALUES ('Grande Estoque');
INSERT INTO ESTOQUE (NOME) VALUES ('Grande Estoqu');
INSERT INTO ESTOQUE (NOME) VALUES ('Grande Estoq');
INSERT INTO ESTOQUE (NOME) VALUES ('Grande Esto');
INSERT INTO ESTOQUE (NOME) VALUES ('Grande Est');
INSERT INTO ESTOQUE (NOME) VALUES ('Grande Es');
INSERT INTO ESTOQUE (NOME) VALUES ('Grande E');
INSERT INTO ESTOQUE (NOME) VALUES ('Grande');
INSERT INTO ESTOQUE (NOME) VALUES ('Grand');
INSERT INTO ESTOQUE (NOME) VALUES ('Gran');
INSERT INTO ESTOQUE (NOME) VALUES ('Gra');
INSERT INTO ESTOQUE (NOME) VALUES ('Gr');
INSERT INTO ESTOQUE (NOME) VALUES ('G');
INSERT INTO ESTOQUE (NOME) VALUES ('Nhoinc');
INSERT INTO ESTOQUE (NOME) VALUES ('Nhoin');
INSERT INTO ESTOQUE (NOME) VALUES ('Nhoi');
INSERT INTO ESTOQUE (NOME) VALUES ('Nho');


--Populate produto

-- --Jogos

INSERT INTO PRODUTO VALUES('G', (SELECT ID_COMPRA FROM COMPRA WHERE HORA = '6666-06-06 03:03:03'), '43829472912', 'DOOM', 5);
INSERT INTO PRODUTO VALUES('G', (SELECT ID_COMPRA FROM COMPRA WHERE HORA = '6666-06-06 03:03:04'), '62821472312', 'DOOM', 5);
INSERT INTO PRODUTO VALUES('G', (SELECT ID_COMPRA FROM COMPRA WHERE HORA = '6666-06-06 03:03:05'), '61821172314', 'DOOM', 5);
INSERT INTO PRODUTO VALUES('G', (SELECT ID_COMPRA FROM COMPRA WHERE HORA = '6666-06-06 03:03:06'), '12812473312', 'DOOM', 5);
INSERT INTO PRODUTO VALUES('G', (SELECT ID_COMPRA FROM COMPRA WHERE HORA = '6666-06-06 03:03:07'), '92821471112', 'DOOM', 5);
INSERT INTO PRODUTO VALUES('G', (SELECT ID_COMPRA FROM COMPRA WHERE HORA = '6666-06-06 03:03:08'), '12223478312', 'DOOM', 5);
INSERT INTO PRODUTO VALUES('G', (SELECT ID_COMPRA FROM COMPRA WHERE HORA = '6666-06-06 03:03:09'), '82521172345', 'DOOM', 5);
INSERT INTO PRODUTO VALUES('G', (SELECT ID_COMPRA FROM COMPRA WHERE HORA = '6666-06-06 03:03:10'), '09221472312', 'DOOM', 5);
INSERT INTO PRODUTO VALUES('G', (SELECT ID_COMPRA FROM COMPRA WHERE HORA = '6666-06-06 03:03:11'), '22444472312', 'DOOM', 5);
INSERT INTO PRODUTO VALUES('G', (SELECT ID_COMPRA FROM COMPRA WHERE HORA = '6666-06-06 03:03:12'), '32821227912', 'DOOM', 5);
INSERT INTO PRODUTO VALUES('G', (SELECT ID_COMPRA FROM COMPRA WHERE HORA = '6666-06-06 03:03:13'), '32821237912', 'DOOM', 5);
INSERT INTO PRODUTO VALUES('G', (SELECT ID_COMPRA FROM COMPRA WHERE HORA = '6666-06-06 03:03:14'), '32821247912', 'DOOM', 5);
INSERT INTO PRODUTO VALUES('G', (SELECT ID_COMPRA FROM COMPRA WHERE HORA = '6666-06-06 03:03:15'), '32821257912', 'DOOM', 5);
INSERT INTO PRODUTO VALUES('G', (SELECT ID_COMPRA FROM COMPRA WHERE HORA = '6666-06-06 03:03:16'), '32821267912', 'DOOM', 5);
INSERT INTO PRODUTO VALUES('G', (SELECT ID_COMPRA FROM COMPRA WHERE HORA = '6666-06-06 03:03:17'), '32821277912', 'DOOM', 5);
INSERT INTO PRODUTO VALUES('G', (SELECT ID_COMPRA FROM COMPRA WHERE HORA = '6666-06-06 03:03:18'), '32821287912', 'DOOM', 5);
INSERT INTO PRODUTO VALUES('G', (SELECT ID_COMPRA FROM COMPRA WHERE HORA = '6666-06-06 03:03:19'), '32821297912', 'DOOM', 5);
INSERT INTO PRODUTO VALUES('G', (SELECT ID_COMPRA FROM COMPRA WHERE HORA = '6666-06-06 03:03:20'), '32821107912', 'DOOM', 5);
INSERT INTO PRODUTO VALUES('G', (SELECT ID_COMPRA FROM COMPRA WHERE HORA = '6666-06-06 03:03:21'), '32821127912', 'DOOM', 5);
INSERT INTO PRODUTO VALUES('G', (SELECT ID_COMPRA FROM COMPRA WHERE HORA = '6666-06-06 03:03:22'), '32821137912', 'DOOM', 5);

-- --ACESSORIOS

INSERT INTO PRODUTO VALUES('G', (SELECT ID_COMPRA FROM COMPRA WHERE HORA = '6666-06-06 03:03:03'), '19287837', 'CONTROLE PS5', 50);
INSERT INTO PRODUTO VALUES('G', (SELECT ID_COMPRA FROM COMPRA WHERE HORA = '6666-06-06 03:03:04'), '74839275', 'CONTROLE PS5', 50);
INSERT INTO PRODUTO VALUES('G', (SELECT ID_COMPRA FROM COMPRA WHERE HORA = '6666-06-06 03:03:05'), '09831098', 'CONTROLE PS5', 50);
INSERT INTO PRODUTO VALUES('G', (SELECT ID_COMPRA FROM COMPRA WHERE HORA = '6666-06-06 03:03:06'), '98731982', 'CONTROLE PS5', 50);
INSERT INTO PRODUTO VALUES('G', (SELECT ID_COMPRA FROM COMPRA WHERE HORA = '6666-06-06 03:03:07'), '19287836', 'CONTROLE PS5', 50);
INSERT INTO PRODUTO VALUES('G', (SELECT ID_COMPRA FROM COMPRA WHERE HORA = '6666-06-06 03:03:08'), '90812109', 'CONTROLE PS5', 50);
INSERT INTO PRODUTO VALUES('G', (SELECT ID_COMPRA FROM COMPRA WHERE HORA = '6666-06-06 03:03:09'), '09810392', 'CONTROLE PS5', 50);
INSERT INTO PRODUTO VALUES('G', (SELECT ID_COMPRA FROM COMPRA WHERE HORA = '6666-06-06 03:03:10'), '09830192', 'CONTROLE PS5', 50);
INSERT INTO PRODUTO VALUES('G', (SELECT ID_COMPRA FROM COMPRA WHERE HORA = '6666-06-06 03:03:11'), '01938019', 'CONTROLE PS5', 50);
INSERT INTO PRODUTO VALUES('G', (SELECT ID_COMPRA FROM COMPRA WHERE HORA = '6666-06-06 03:03:12'), '43289791', 'CONTROLE PS5', 50);
INSERT INTO PRODUTO VALUES('G', (SELECT ID_COMPRA FROM COMPRA WHERE HORA = '6666-06-06 03:03:13'), '32198310', 'CONTROLE PS5', 50);
INSERT INTO PRODUTO VALUES('G', (SELECT ID_COMPRA FROM COMPRA WHERE HORA = '6666-06-06 03:03:14'), '39201830', 'CONTROLE PS5', 50);
INSERT INTO PRODUTO VALUES('G', (SELECT ID_COMPRA FROM COMPRA WHERE HORA = '6666-06-06 03:03:15'), '32190831', 'CONTROLE PS5', 50);
INSERT INTO PRODUTO VALUES('G', (SELECT ID_COMPRA FROM COMPRA WHERE HORA = '6666-06-06 03:03:16'), '32109830', 'CONTROLE PS5', 50);
INSERT INTO PRODUTO VALUES('G', (SELECT ID_COMPRA FROM COMPRA WHERE HORA = '6666-06-06 03:03:17'), '01982301', 'CONTROLE PS5', 50);
INSERT INTO PRODUTO VALUES('G', (SELECT ID_COMPRA FROM COMPRA WHERE HORA = '6666-06-06 03:03:18'), '84793298', 'CONTROLE PS5', 50);
INSERT INTO PRODUTO VALUES('G', (SELECT ID_COMPRA FROM COMPRA WHERE HORA = '6666-06-06 03:03:19'), '90823101', 'CONTROLE PS5', 50);
INSERT INTO PRODUTO VALUES('G', (SELECT ID_COMPRA FROM COMPRA WHERE HORA = '6666-06-06 03:03:20'), '20918301', 'CONTROLE PS5', 50);
INSERT INTO PRODUTO VALUES('G', (SELECT ID_COMPRA FROM COMPRA WHERE HORA = '6666-06-06 03:03:21'), '83729171', 'CONTROLE PS5', 50);
INSERT INTO PRODUTO VALUES('G', (SELECT ID_COMPRA FROM COMPRA WHERE HORA = '6666-06-06 03:03:22'), '54353437', 'CONTROLE PS5', 50);

-- --CONSOLEs

INSERT INTO PRODUTO VALUES('G', (SELECT ID_COMPRA FROM COMPRA WHERE HORA = '6666-06-06 03:03:03'), '483621849', 'XBOX', 5);
INSERT INTO PRODUTO VALUES('G', (SELECT ID_COMPRA FROM COMPRA WHERE HORA = '6666-06-06 03:03:04'), '617362548', 'XBOX', 5);
INSERT INTO PRODUTO VALUES('G', (SELECT ID_COMPRA FROM COMPRA WHERE HORA = '6666-06-06 03:03:05'), '691038274', 'XBOX', 5);
INSERT INTO PRODUTO VALUES('G', (SELECT ID_COMPRA FROM COMPRA WHERE HORA = '6666-06-06 03:03:06'), '101927362', 'XBOX', 5);
INSERT INTO PRODUTO VALUES('G', (SELECT ID_COMPRA FROM COMPRA WHERE HORA = '6666-06-06 03:03:07'), '963729182', 'XBOX', 5);
INSERT INTO PRODUTO VALUES('G', (SELECT ID_COMPRA FROM COMPRA WHERE HORA = '6666-06-06 03:03:08'), '133621849', 'XBOX', 5);
INSERT INTO PRODUTO VALUES('G', (SELECT ID_COMPRA FROM COMPRA WHERE HORA = '6666-06-06 03:03:09'), '812362548', 'XBOX', 5);
INSERT INTO PRODUTO VALUES('G', (SELECT ID_COMPRA FROM COMPRA WHERE HORA = '6666-06-06 03:03:10'), '091438274', 'XBOX', 5);
INSERT INTO PRODUTO VALUES('G', (SELECT ID_COMPRA FROM COMPRA WHERE HORA = '6666-06-06 03:03:11'), '201957362', 'XBOX', 5);
INSERT INTO PRODUTO VALUES('G', (SELECT ID_COMPRA FROM COMPRA WHERE HORA = '6666-06-06 03:03:12'), '363129182', 'XBOX', 5);
INSERT INTO PRODUTO VALUES('G', (SELECT ID_COMPRA FROM COMPRA WHERE HORA = '6666-06-06 03:03:13'), '383621845', 'XBOX', 5);
INSERT INTO PRODUTO VALUES('G', (SELECT ID_COMPRA FROM COMPRA WHERE HORA = '6666-06-06 03:03:14'), '317362348', 'XBOX', 5);
INSERT INTO PRODUTO VALUES('G', (SELECT ID_COMPRA FROM COMPRA WHERE HORA = '6666-06-06 03:03:15'), '391518274', 'XBOX', 5);
INSERT INTO PRODUTO VALUES('G', (SELECT ID_COMPRA FROM COMPRA WHERE HORA = '6666-06-06 03:03:16'), '301950362', 'XBOX', 5);
INSERT INTO PRODUTO VALUES('G', (SELECT ID_COMPRA FROM COMPRA WHERE HORA = '6666-06-06 03:03:17'), '312129182', 'XBOX', 5);
INSERT INTO PRODUTO VALUES('G', (SELECT ID_COMPRA FROM COMPRA WHERE HORA = '6666-06-06 03:03:18'), '384021849', 'XBOX', 5);
INSERT INTO PRODUTO VALUES('G', (SELECT ID_COMPRA FROM COMPRA WHERE HORA = '6666-06-06 03:03:19'), '317312548', 'XBOX', 5);
INSERT INTO PRODUTO VALUES('G', (SELECT ID_COMPRA FROM COMPRA WHERE HORA = '6666-06-06 03:03:20'), '391428274', 'XBOX', 5);
INSERT INTO PRODUTO VALUES('G', (SELECT ID_COMPRA FROM COMPRA WHERE HORA = '6666-06-06 03:03:21'), '301900062', 'XBOX', 5);
INSERT INTO PRODUTO VALUES('G', (SELECT ID_COMPRA FROM COMPRA WHERE HORA = '6666-06-06 03:03:22'), '363712382', 'XBOX', 5);

--Populate fornecedor
INSERT INTO FORNECEDOR (CNPJ, NOME, ENDERECO_EMAIL) VALUES ('832710321', 'Clodoaldo Distribuidora', 'clodogames@dist.br');
INSERT INTO FORNECEDOR (CNPJ, NOME, ENDERECO_EMAIL) VALUES ('732710621', 'Vilela Distribuidora', 'vilelagames@dist.br');
INSERT INTO FORNECEDOR (CNPJ, NOME, ENDERECO_EMAIL) VALUES ('842710221', 'Aninha Distribuidora', 'aninhagames@dist.br');
INSERT INTO FORNECEDOR (CNPJ, NOME, ENDERECO_EMAIL) VALUES ('835710921', 'Heloysa Distribuidora', 'heloysagomes@dist.br');
INSERT INTO FORNECEDOR (CNPJ, NOME, ENDERECO_EMAIL) VALUES ('832010921', 'Thais Taisquisita', 'Taisquisita@dist.br');
INSERT INTO FORNECEDOR (CNPJ, NOME, ENDERECO_EMAIL) VALUES ('832780923', 'Pikachu Raichu', 'pikarai@dist.br');
INSERT INTO FORNECEDOR (CNPJ, NOME, ENDERECO_EMAIL) VALUES ('832750924', 'Samu190 Distribuidora', 'samu190@dist.br');
INSERT INTO FORNECEDOR (CNPJ, NOME, ENDERECO_EMAIL) VALUES ('832713928', 'Andalogo Distribuidora', 'andalogo@dist.br');
INSERT INTO FORNECEDOR (CNPJ, NOME, ENDERECO_EMAIL) VALUES ('832710225', 'Brabo Distribuidora', 'brabogames@dist.br');
INSERT INTO FORNECEDOR (CNPJ, NOME, ENDERECO_EMAIL) VALUES ('832710917', 'Mario Distribuidora', 'luigigames@dist.br');
INSERT INTO FORNECEDOR (CNPJ, NOME, ENDERECO_EMAIL) VALUES ('832710924', 'Umbrela Distribuidora', 'gamesdaumbrela@dist.br');
INSERT INTO FORNECEDOR (CNPJ, NOME, ENDERECO_EMAIL) VALUES ('132710921', 'Brasil Distribuidora', 'argentinakk@dist.br');
INSERT INTO FORNECEDOR (CNPJ, NOME, ENDERECO_EMAIL) VALUES ('822710922', 'Thomas Otrem', 'tremdistribuidor@dist.br');
INSERT INTO FORNECEDOR (CNPJ, NOME, ENDERECO_EMAIL) VALUES ('733710921', 'Fornecedor Pirata', 'piratariaehbom@dist.br');
INSERT INTO FORNECEDOR (CNPJ, NOME, ENDERECO_EMAIL) VALUES ('632410921', 'Boruto Distribuidor', 'viladafolha@dist.br');
INSERT INTO FORNECEDOR (CNPJ, NOME, ENDERECO_EMAIL) VALUES ('932760921', 'Digimon Distribuidor', 'animees@tdist.br');
INSERT INTO FORNECEDOR (CNPJ, NOME, ENDERECO_EMAIL) VALUES ('852717921', 'CPychonautaDistribuidora', 'cpeixonautadist.br');
INSERT INTO FORNECEDOR (CNPJ, NOME, ENDERECO_EMAIL) VALUES ('834710921', 'CNatalieDistribuidora', 'cnatabadanadadist.br');
INSERT INTO FORNECEDOR (CNPJ, NOME, ENDERECO_EMAIL) VALUES ('822710901', 'CBrunaoDistribuidora', 'cbruninho030876dist.br');
INSERT INTO FORNECEDOR (CNPJ, NOME, ENDERECO_EMAIL) VALUES ('852710920', 'CSamba Distribuidora', 'cbrasilthebestdist.br');

--Populate telefone forn
INSERT INTO TELEFONE_FORNECEDOR (CNPJ, TELEFONE) VALUES ('832710321', '11972416587');
INSERT INTO TELEFONE_FORNECEDOR (CNPJ, TELEFONE) VALUES ('732710621', '11972516587');
INSERT INTO TELEFONE_FORNECEDOR (CNPJ, TELEFONE) VALUES ('842710221', '11972166587');
INSERT INTO TELEFONE_FORNECEDOR (CNPJ, TELEFONE) VALUES ('835710921', '11972118587');
INSERT INTO TELEFONE_FORNECEDOR (CNPJ, TELEFONE) VALUES ('832010921', '11972116987');
INSERT INTO TELEFONE_FORNECEDOR (CNPJ, TELEFONE) VALUES ('832780923', '11972116997');
INSERT INTO TELEFONE_FORNECEDOR (CNPJ, TELEFONE) VALUES ('832750924', '11972116589');
INSERT INTO TELEFONE_FORNECEDOR (CNPJ, TELEFONE) VALUES ('832713928', '11952116587');
INSERT INTO TELEFONE_FORNECEDOR (CNPJ, TELEFONE) VALUES ('832710225', '11900016587');
INSERT INTO TELEFONE_FORNECEDOR (CNPJ, TELEFONE) VALUES ('832710917', '11972187587');
INSERT INTO TELEFONE_FORNECEDOR (CNPJ, TELEFONE) VALUES ('832710924', '11951111587');
INSERT INTO TELEFONE_FORNECEDOR (CNPJ, TELEFONE) VALUES ('132710921', '11982816887');
INSERT INTO TELEFONE_FORNECEDOR (CNPJ, TELEFONE) VALUES ('822710922', '11972111517');
INSERT INTO TELEFONE_FORNECEDOR (CNPJ, TELEFONE) VALUES ('733710921', '11999116587');
INSERT INTO TELEFONE_FORNECEDOR (CNPJ, TELEFONE) VALUES ('632410921', '11974216687');
INSERT INTO TELEFONE_FORNECEDOR (CNPJ, TELEFONE) VALUES ('932760921', '11972116580');
INSERT INTO TELEFONE_FORNECEDOR (CNPJ, TELEFONE) VALUES ('852717921', '11980116587');
INSERT INTO TELEFONE_FORNECEDOR (CNPJ, TELEFONE) VALUES ('834710921', '11922122587');
INSERT INTO TELEFONE_FORNECEDOR (CNPJ, TELEFONE) VALUES ('822710901', '11988818587');
INSERT INTO TELEFONE_FORNECEDOR (CNPJ, TELEFONE) VALUES ('852710920', '11944146487');

--Populate aquisicao
INSERT INTO AQUISICAO  VALUES ('832710321', '1', '483621849', 100000);
INSERT INTO AQUISICAO  VALUES ('732710621', '1', '617362548', 100000);
INSERT INTO AQUISICAO  VALUES ('842710221', '1', '691038274', 100000);
INSERT INTO AQUISICAO  VALUES ('835710921', '1', '101927362', 100000);
INSERT INTO AQUISICAO  VALUES ('832010921', '1', '963729182', 100000);
INSERT INTO AQUISICAO  VALUES ('832780923', '1', '133621849', 100000);
INSERT INTO AQUISICAO  VALUES ('832750924', '1', '812362548', 100000);
INSERT INTO AQUISICAO  VALUES ('832713928', '1', '091438274', 100000);
INSERT INTO AQUISICAO  VALUES ('832710225', '1', '201957362', 100000);
INSERT INTO AQUISICAO  VALUES ('832710917', '1', '363129182', 100000);
INSERT INTO AQUISICAO  VALUES ('832710924', '1', '383621845', 100000);
INSERT INTO AQUISICAO  VALUES ('132710921', '1', '317362348', 100000);
INSERT INTO AQUISICAO  VALUES ('822710922', '1', '391518274', 100000);
INSERT INTO AQUISICAO  VALUES ('733710921', '1', '301950362', 100000);
INSERT INTO AQUISICAO  VALUES ('632410921', '1', '312129182', 100000);
INSERT INTO AQUISICAO  VALUES ('932760921', '1', '384021849', 100000);
INSERT INTO AQUISICAO  VALUES ('852717921', '1', '317312548', 100000);
INSERT INTO AQUISICAO  VALUES ('834710921', '1', '391428274', 100000);
INSERT INTO AQUISICAO  VALUES ('822710901', '1', '301900062', 100000);
INSERT INTO AQUISICAO  VALUES ('852710920', '1', '363712382', 100000);

--Populate jogos (mudar timestamp da data de lancament
INSERT INTO JOGOS_MIDIA_FISICA (CODIGO_DE_BARRAS, DESENVOLVEDOR, FRANQUIA, GENERO, DATA_DE_LANCAMENTO, PUBLICADORA, PLATAFORMA) VALUES ('43829472912', 'Superb Games', 'Kill or Kill', 'FPS', '2004-11-04', 'Amazing shooters', 'PS1/GAMECUBE');
INSERT INTO JOGOS_MIDIA_FISICA (CODIGO_DE_BARRAS, DESENVOLVEDOR, FRANQUIA, GENERO, DATA_DE_LANCAMENTO, PUBLICADORA, PLATAFORMA) VALUES ('62821472312', 'Uperb Games', 'Ill or ill', 'STRATEGY', '2005-10-05', 'Lobasight', 'PS1/PS2');
INSERT INTO JOGOS_MIDIA_FISICA (CODIGO_DE_BARRAS, DESENVOLVEDOR, FRANQUIA, GENERO, DATA_DE_LANCAMENTO, PUBLICADORA, PLATAFORMA) VALUES ('61821172314', 'Perb Games', 'Bloody zombies', 'ACTION', '2008-09-21', 'Headshoot Games', 'PS2/PSVITA');
INSERT INTO JOGOS_MIDIA_FISICA (CODIGO_DE_BARRAS, DESENVOLVEDOR, FRANQUIA, GENERO, DATA_DE_LANCAMENTO, PUBLICADORA, PLATAFORMA) VALUES ('12812473312', 'Erb Games', 'Jump hero', 'STRATEGY', '2011-02-11', 'Kolasampe', 'PS2/XBOX');
INSERT INTO JOGOS_MIDIA_FISICA (CODIGO_DE_BARRAS, DESENVOLVEDOR, FRANQUIA, GENERO, DATA_DE_LANCAMENTO, PUBLICADORA, PLATAFORMA) VALUES ('92821471112', 'Rb Games', 'Farm utopia', 'MANAGEMENT', '2011-04-08', 'Xopanski', 'PC/MAC/PS3');
INSERT INTO JOGOS_MIDIA_FISICA (CODIGO_DE_BARRAS, DESENVOLVEDOR, FRANQUIA, GENERO, DATA_DE_LANCAMENTO, PUBLICADORA, PLATAFORMA) VALUES ('12223478312', 'B Games', 'Ultra rush', 'RACING', '2016-12-11', 'Makertz', 'PC/XBOX360/PS4');
INSERT INTO JOGOS_MIDIA_FISICA (CODIGO_DE_BARRAS, DESENVOLVEDOR, FRANQUIA, GENERO, DATA_DE_LANCAMENTO, PUBLICADORA, PLATAFORMA) VALUES ('82521172345', 'Incredible Games', 'Fabulous destruction', 'STRATEGY', '2005-09-01', 'Colosamose', 'PS1/PS2');
INSERT INTO JOGOS_MIDIA_FISICA (CODIGO_DE_BARRAS, DESENVOLVEDOR, FRANQUIA, GENERO, DATA_DE_LANCAMENTO, PUBLICADORA, PLATAFORMA) VALUES ('09221472312', 'Credible Games', 'Ultimate apocalipse', 'ACTION', '2018-05-02', 'Renderuct', 'PS4/PS5/XBOXONE/PC');
INSERT INTO JOGOS_MIDIA_FISICA (CODIGO_DE_BARRAS, DESENVOLVEDOR, FRANQUIA, GENERO, DATA_DE_LANCAMENTO, PUBLICADORA, PLATAFORMA) VALUES ('22444472312', 'Edible Games', 'Final cooking', 'COOKING', '2020-01-21', 'Xanadu', 'PS5/XBOXONE/PC');
INSERT INTO JOGOS_MIDIA_FISICA (CODIGO_DE_BARRAS, DESENVOLVEDOR, FRANQUIA, GENERO, DATA_DE_LANCAMENTO, PUBLICADORA, PLATAFORMA) VALUES ('32821227912', 'Ble Games', 'Dumper fishing', 'FISHING', '2007-05-05', 'Polskiton', 'PS1/PS2/XBOX/PC');
INSERT INTO JOGOS_MIDIA_FISICA (CODIGO_DE_BARRAS, DESENVOLVEDOR, FRANQUIA, GENERO, DATA_DE_LANCAMENTO, PUBLICADORA, PLATAFORMA) VALUES ('32821237912', 'Ble Games', 'Dumper fishing', 'FISHING', '2007-05-05', 'Polskiton', 'PS1/PS2/XBOX/PC');
INSERT INTO JOGOS_MIDIA_FISICA (CODIGO_DE_BARRAS, DESENVOLVEDOR, FRANQUIA, GENERO, DATA_DE_LANCAMENTO, PUBLICADORA, PLATAFORMA) VALUES ('32821247912', 'Ble Games', 'Dumper fishing', 'FISHING', '2007-05-05', 'Polskiton', 'PS1/PS2/XBOX/PC');
INSERT INTO JOGOS_MIDIA_FISICA (CODIGO_DE_BARRAS, DESENVOLVEDOR, FRANQUIA, GENERO, DATA_DE_LANCAMENTO, PUBLICADORA, PLATAFORMA) VALUES ('32821257912', 'Ble Games', 'Dumper fishing', 'FISHING', '2007-05-05', 'Polskiton', 'PS1/PS2/XBOX/PC');
INSERT INTO JOGOS_MIDIA_FISICA (CODIGO_DE_BARRAS, DESENVOLVEDOR, FRANQUIA, GENERO, DATA_DE_LANCAMENTO, PUBLICADORA, PLATAFORMA) VALUES ('32821267912', 'Ble Games', 'Dumper fishing', 'FISHING', '2007-05-05', 'Polskiton', 'PS1/PS2/XBOX/PC');
INSERT INTO JOGOS_MIDIA_FISICA (CODIGO_DE_BARRAS, DESENVOLVEDOR, FRANQUIA, GENERO, DATA_DE_LANCAMENTO, PUBLICADORA, PLATAFORMA) VALUES ('32821277912', 'Ble Games', 'Dumper fishing', 'FISHING', '2007-05-05', 'Polskiton', 'PS1/PS2/XBOX/PC');
INSERT INTO JOGOS_MIDIA_FISICA (CODIGO_DE_BARRAS, DESENVOLVEDOR, FRANQUIA, GENERO, DATA_DE_LANCAMENTO, PUBLICADORA, PLATAFORMA) VALUES ('32821287912', 'Ble Games', 'Dumper fishing', 'FISHING', '2007-05-05', 'Polskiton', 'PS1/PS2/XBOX/PC');
INSERT INTO JOGOS_MIDIA_FISICA (CODIGO_DE_BARRAS, DESENVOLVEDOR, FRANQUIA, GENERO, DATA_DE_LANCAMENTO, PUBLICADORA, PLATAFORMA) VALUES ('32821297912', 'Ble Games', 'Dumper fishing', 'FISHING', '2007-05-05', 'Polskiton', 'PS1/PS2/XBOX/PC');
INSERT INTO JOGOS_MIDIA_FISICA (CODIGO_DE_BARRAS, DESENVOLVEDOR, FRANQUIA, GENERO, DATA_DE_LANCAMENTO, PUBLICADORA, PLATAFORMA) VALUES ('32821107912', 'Ble Games', 'Dumper fishing', 'FISHING', '2007-05-05', 'Polskiton', 'PS1/PS2/XBOX/PC');
INSERT INTO JOGOS_MIDIA_FISICA (CODIGO_DE_BARRAS, DESENVOLVEDOR, FRANQUIA, GENERO, DATA_DE_LANCAMENTO, PUBLICADORA, PLATAFORMA) VALUES ('32821127912', 'Ble Games', 'Dumper fishing', 'FISHING', '2007-05-05', 'Polskiton', 'PS1/PS2/XBOX/PC');
INSERT INTO JOGOS_MIDIA_FISICA (CODIGO_DE_BARRAS, DESENVOLVEDOR, FRANQUIA, GENERO, DATA_DE_LANCAMENTO, PUBLICADORA, PLATAFORMA) VALUES ('32821137912', 'Ble Games', 'Dumper fishing', 'FISHING', '2007-05-05', 'Polskiton', 'PS1/PS2/XBOX/PC');

--Populate acessorios
INSERT INTO ACESSORIOS (CODIGO_DE_BARRAS, CATEGORIA, GARANTIA, FABRICANTE) VALUES ('19287837', 'Virtual Reality', '2 anos', 'METAVERSE');
INSERT INTO ACESSORIOS (CODIGO_DE_BARRAS, CATEGORIA, GARANTIA, FABRICANTE) VALUES ('74839275', 'Headphone', '1 ano', 'BuzzySound');
INSERT INTO ACESSORIOS (CODIGO_DE_BARRAS, CATEGORIA, GARANTIA, FABRICANTE) VALUES ('09831098', 'Wireless', '1 ano', 'HyperDevices');
INSERT INTO ACESSORIOS (CODIGO_DE_BARRAS, CATEGORIA, GARANTIA, FABRICANTE) VALUES ('98731982', 'Wearables', '6 meses', 'LunarGames');
INSERT INTO ACESSORIOS (CODIGO_DE_BARRAS, CATEGORIA, GARANTIA, FABRICANTE) VALUES ('19287836', 'Virtual Reality', '1 anos', 'METAVERSE');
INSERT INTO ACESSORIOS (CODIGO_DE_BARRAS, CATEGORIA, GARANTIA, FABRICANTE) VALUES ('90812109', 'Wireless', '3 anos', 'METAVERSE');
INSERT INTO ACESSORIOS (CODIGO_DE_BARRAS, CATEGORIA, GARANTIA, FABRICANTE) VALUES ('09810392', 'WEREABLE', '2 anos', 'KolarGames');
INSERT INTO ACESSORIOS (CODIGO_DE_BARRAS, CATEGORIA, GARANTIA, FABRICANTE) VALUES ('09830192', 'Wireless', '2 anos', 'METAVERSE');
INSERT INTO ACESSORIOS (CODIGO_DE_BARRAS, CATEGORIA, GARANTIA, FABRICANTE) VALUES ('01938019', 'Headphones', '5 anos', 'METAVERSE');
INSERT INTO ACESSORIOS (CODIGO_DE_BARRAS, CATEGORIA, GARANTIA, FABRICANTE) VALUES ('43289791', 'Virtual Reality', '2 anos', 'METAVERSE');
INSERT INTO ACESSORIOS (CODIGO_DE_BARRAS, CATEGORIA, GARANTIA, FABRICANTE) VALUES ('32198310', 'Wireless', '2 anos', 'METAVERSE');
INSERT INTO ACESSORIOS (CODIGO_DE_BARRAS, CATEGORIA, GARANTIA, FABRICANTE) VALUES ('39201830', 'Headphones', '2 anos', 'METAVERSE');
INSERT INTO ACESSORIOS (CODIGO_DE_BARRAS, CATEGORIA, GARANTIA, FABRICANTE) VALUES ('32190831', 'Headphones', '2 anos', 'METAVERSE');
INSERT INTO ACESSORIOS (CODIGO_DE_BARRAS, CATEGORIA, GARANTIA, FABRICANTE) VALUES ('32109830', 'Wereables', '6 anos', 'METAVERSE');
INSERT INTO ACESSORIOS (CODIGO_DE_BARRAS, CATEGORIA, GARANTIA, FABRICANTE) VALUES ('01982301', 'Microphones', '2 anos', 'METAVERSE');
INSERT INTO ACESSORIOS (CODIGO_DE_BARRAS, CATEGORIA, GARANTIA, FABRICANTE) VALUES ('84793298', 'WEREABLES', '2 anos', 'METAVERSE');
INSERT INTO ACESSORIOS (CODIGO_DE_BARRAS, CATEGORIA, GARANTIA, FABRICANTE) VALUES ('90823101', 'WEREABLES', '7 anos', 'METAVERSE');
INSERT INTO ACESSORIOS (CODIGO_DE_BARRAS, CATEGORIA, GARANTIA, FABRICANTE) VALUES ('20918301', 'Wereables', '2 anos', 'METAVERSE');
INSERT INTO ACESSORIOS (CODIGO_DE_BARRAS, CATEGORIA, GARANTIA, FABRICANTE) VALUES ('83729171', 'Virtual Reality', '1 anos', 'METAVERSE');
INSERT INTO ACESSORIOS (CODIGO_DE_BARRAS, CATEGORIA, GARANTIA, FABRICANTE) VALUES ('54353437', 'Headphones', '1 anos', 'METAVERSE');


--Populate console
INSERT INTO CONSOLE (CODIGO_DE_BARRAS, FABRICANTE, GARANTIA, MARCA) VALUES ('483621849', 'Sony Foxconn', '2 anos', 'SONY');
INSERT INTO CONSOLE (CODIGO_DE_BARRAS, FABRICANTE, GARANTIA, MARCA) VALUES ('617362548', 'Microsoft', '1 ano', 'MICROSOFT');
INSERT INTO CONSOLE (CODIGO_DE_BARRAS, FABRICANTE, GARANTIA, MARCA) VALUES ('691038274', 'Foxconn', '6 meses', 'NINTENDO');
INSERT INTO CONSOLE (CODIGO_DE_BARRAS, FABRICANTE, GARANTIA, MARCA) VALUES ('101927362', 'Nintendo', '5 meses', 'NINTENDO');
INSERT INTO CONSOLE (CODIGO_DE_BARRAS, FABRICANTE, GARANTIA, MARCA) VALUES ('963729182', 'Nintendo', '2 meses', 'NINTENDO');
INSERT INTO CONSOLE (CODIGO_DE_BARRAS, FABRICANTE, GARANTIA, MARCA) VALUES ('133621849', 'Sony Foxconn', '2 anos', 'SONY');
INSERT INTO CONSOLE (CODIGO_DE_BARRAS, FABRICANTE, GARANTIA, MARCA) VALUES ('812362548', 'Microsoft', '1 ano', 'MICROSOFT');
INSERT INTO CONSOLE (CODIGO_DE_BARRAS, FABRICANTE, GARANTIA, MARCA) VALUES ('091438274', 'Foxconn', '6 meses', 'NINTENDO');
INSERT INTO CONSOLE (CODIGO_DE_BARRAS, FABRICANTE, GARANTIA, MARCA) VALUES ('201957362', 'Nintendo', '5 meses', 'NINTENDO');
INSERT INTO CONSOLE (CODIGO_DE_BARRAS, FABRICANTE, GARANTIA, MARCA) VALUES ('363129182', 'Nintendo', '2 meses', 'NINTENDO');
INSERT INTO CONSOLE (CODIGO_DE_BARRAS, FABRICANTE, GARANTIA, MARCA) VALUES ('383621845', 'Sony Foxconn', '2 anos', 'SONY');
INSERT INTO CONSOLE (CODIGO_DE_BARRAS, FABRICANTE, GARANTIA, MARCA) VALUES ('317362348', 'Microsoft', '1 ano', 'MICROSOFT');
INSERT INTO CONSOLE (CODIGO_DE_BARRAS, FABRICANTE, GARANTIA, MARCA) VALUES ('391518274', 'Foxconn', '6 meses', 'NINTENDO');
INSERT INTO CONSOLE (CODIGO_DE_BARRAS, FABRICANTE, GARANTIA, MARCA) VALUES ('301950362', 'Nintendo', '5 meses', 'NINTENDO');
INSERT INTO CONSOLE (CODIGO_DE_BARRAS, FABRICANTE, GARANTIA, MARCA) VALUES ('312129182', 'Nintendo', '2 meses', 'NINTENDO');
INSERT INTO CONSOLE (CODIGO_DE_BARRAS, FABRICANTE, GARANTIA, MARCA) VALUES ('384021849', 'Sony Foxconn', '2 anos', 'SONY');
INSERT INTO CONSOLE (CODIGO_DE_BARRAS, FABRICANTE, GARANTIA, MARCA) VALUES ('317312548', 'Microsoft', '1 ano', 'MICROSOFT');
INSERT INTO CONSOLE (CODIGO_DE_BARRAS, FABRICANTE, GARANTIA, MARCA) VALUES ('391428274', 'Foxconn', '6 meses', 'NINTENDO');
INSERT INTO CONSOLE (CODIGO_DE_BARRAS, FABRICANTE, GARANTIA, MARCA) VALUES ('301900062', 'Nintendo', '5 meses', 'NINTENDO');
INSERT INTO CONSOLE (CODIGO_DE_BARRAS, FABRICANTE, GARANTIA, MARCA) VALUES ('363712382', 'Nintendo', '2 meses', 'NINTENDO');